title,author,source,publish_date,keywords,abstract,url,source_db
人工智能在医学影像诊断中的应用研究,"张明, 李华, 王强",中华医学杂志,2024-01-15,人工智能;医学影像;深度学习;诊断,目的 探讨人工智能技术在医学影像诊断中的应用价值。方法 使用深度学习算法对大量医学影像数据进行训练和验证...,https://example.com/article1,demo
基于机器学习的疾病预测模型研究,"刘芳, 陈静, 赵伟",中国生物医学工程学报,2024-02-20,机器学习;疾病预测;数据挖掘;医疗大数据,目的 构建基于机器学习的疾病预测模型。方法 收集某三甲医院2019-2023年的临床数据...,https://example.com/article2,demo
远程医疗系统在慢性病管理中的应用,"王建国, 张丽, 李明",中国数字医学,2024-03-10,远程医疗;慢性病管理;移动医疗;健康管理,目的 评价远程医疗系统在慢性病管理中的应用效果。方法 选取2022年1月至2023年6月某地区慢性病患者...,https://example.com/article3,demo
医疗器械创新与监管研究,"陈科, 周敏, 孙伟",中国医疗器械杂志,2024-01-25,医疗器械;创新研发;监管;安全性,"随着医疗技术的不断发展,医疗器械创新日益加速。本文分析了我国医疗器械监管现状...",https://example.com/article4,demo
区块链技术在医疗数据管理中的应用,"赵云, 马超, 黄磊",医学信息学杂志,2024-02-15,区块链;医疗数据;隐私保护;数据共享,目的 探讨区块链技术在医疗数据管理中的应用。方法 分析传统医疗数据管理存在的问题...,https://example.com/article5,demo
精准医疗在肿瘤治疗中的应用进展,"李肿瘤, 王精准, 张治疗",中华肿瘤杂志,2024-03-01,精准医疗;肿瘤治疗;基因检测;靶向治疗,精准医疗已成为肿瘤治疗的重要方向。本文综述了精准医疗在常见恶性肿瘤治疗中的最新进展...,https://example.com/article6,demo
COVID-19后疫情时代的公共卫生体系重建,"刘疾控, 王卫生, 李防控",中华流行病学杂志,2024-01-20,公共卫生;疫情防控;应急管理;体系建设,COVID-19疫情对全球公共卫生体系带来了严峻挑战。本文分析了后疫情时代公共卫生体系建设的重点...,https://example.com/article7,demo
可穿戴设备在健康监测中的应用研究,"孙健康, 周监测, 吴设备",中国数字医学,2024-02-28,可穿戴设备;健康监测;移动医疗;生理参数,目的 评价可穿戴设备在健康监测中的准确性和实用性。方法 招募100名健康志愿者...,https://example.com/article8,demo
5G技术在智慧医疗中的应用展望,"马通信, 黄网络, 赵技术",中国数字医学,2024-03-05,5G;智慧医疗;远程手术;移动医疗,5G技术的商用为智慧医疗带来了新的机遇。本文展望了5G技术在医疗领域的应用前景...,https://example.com/article9,demo
临床决策支持系统的应用与评价,"王临床, 李决策, 张支持",中国循证医学杂志,2024-02-10,临床决策支持;人工智能;辅助诊断;专家系统,目的 评价临床决策支持系统在临床诊疗中的应用效果。方法 采用随机对照试验设计...,https://example.com/article10,demo
