标题,摘要,关键词,主题词,文献类型,出版日期,DOI,全文链接,PMID
[Rethinking cancer].,"Over the past half-century of the global effort against cancer, the vast majority of investigations in both tumor basic research and clinical practice have centered on the ""somatic mutation"" theory, such as in molecular classification, individualized precision medicine strategies, gene therapy approaches, the development of neoantigen-based tumor vaccines, and advancements in sequencing technologies. Even in the extensively studied tumor microenvironment (including tumor immunity), which has garnered significant attention in recent years, the underlying mechanisms frequently revert to specific genes and mutations within tumor cells or microenvironmental cells as the primary driving forces. However, despite the dominance of the ""somatic mutation"" paradigm, truly effective approaches for curing cancer in clinical settings remain elusive. Undoubtedly, if the prevailing ""somatic mutation theory"" continues to monopolize cancer research, meaningful progress in understanding and treating cancer will likely remain frustratingly out of reach. At this critical juncture in the evolution of cancer research, a comprehensive re-evaluation of cancer not only is necessary but also imperative, highlighting the urgent need for a profound transformation in our conceptual framework. This article systematically elucidates the novel perspective offered by the ""tumor system"" for comprehending the essence of cancer, the foundational principles of ""tumor ecology"" and their potential applications in treatment, and explores in depth the theoretical framework and research significance of the emerging field of ""ecological pathology"". Beyond merely advocating for the abandonment of the currently dominant linear reductionist paradigm of cancer, this commentary strives to construct a pragmatic and systematically structured framework to guide the trajectory of the ""post-genomic revolution in oncology"" and the ""tumor ecological philosophy"", ultimately fostering the realization of the overarching societal goal of eradicating cancer.",,,Journal Article; Review; English Abstract,2025-Jun-23,10.3760/cma.j.cn112152-20250401-00145,https://doi.org/10.3760/cma.j.cn112152-20250401-00145,40443342
[Not Available].,,,,Journal Article,2024-Aug-28,10.11817/j.issn.1672-7347.2024.240002,https://doi.org/10.11817/j.issn.1672-7347.2024.240002; https://www.ncbi.nlm.nih.gov/pmc/articles/PMC11628235,39788526
"Multidisciplinary integration and fusion based on critical care medicine and immunology: History, current status, and prospects.","Critical care medicine focuses on understanding the pathophysiological mechanisms and treatment approaches for life-threatening conditions, including sepsis, severe trauma/burns, hemorrhagic shock, heatstroke, and acute pancreatitis, all of which have high incidence rates. These conditions are primarily characterized by acute multi-organ dysfunction, with sudden onset, severe illness, and high mortality rates. Additionally, critical care treatment demands substantial medical resources, imposing significant economic burdens on patients' families and society. In recent years, critical care medicine has achieved notable progress, especially in multidisciplinary integration with immunology-based fields. Collaboration across disciplines has not only accelerated advancements in critical care but also propelled the rapid development of modern immunology. This paper provides an overview and assessment of the cross-disciplinary fusion between critical care medicine and immunology, exploring how these fields related extensions mutually enhance each other. It further analyzes China's potential to become a global leader in this area within the next 5 to 10 years.",critical care medicine; cross-disciplinary integration; immunology; intensive care; multidisciplinary; sepsis,,Journal Article; Review,2024-Aug-28,10.11817/j.issn.1672-7347.2024.240220,https://doi.org/10.11817/j.issn.1672-7347.2024.240220; https://www.ncbi.nlm.nih.gov/pmc/articles/PMC11628226,39788521
[Big data analysis and evidence-based medicine: controversy or cooperation].,"The development of evidence-based medicince should be an important milestone from the empirical medicine to the evidence-driving modern medicine. With the outbreak in biomedical data, the rising big data analysis can efficiently solve exploratory questions or decision-making issues in biomedicine and healthcare activities. The current problem in China is that big data analysis is still not well conducted and applied to deal with problems such as clinical decision-making, public health policy, and should not be a debate whether big data analysis can replace evidence-based medicine or not. Therefore, we should clearly understand, no matter whether evidence-based medicine or big data analysis, the most critical infrastructure must be the substantial work in the design, constructure and collection of original database in China.",,,Editorial,2016-Jan,,,26797830
Strategies for long-acting drug design.,"With advances of drug design and preparation technology, the development of long-acting drugs has become an important research focus in precision medicine and chronic disease management. These drugs are designed to improve the patients' compliance and quality of life by achieving prolonged maintenance of an effective drug concentration in the body with a reduced dosing frequency. Small molecule drugs, monoclonal antibodies and nucleic acid drugs all have their own difficulties in achieving long actions, which can be especially challenging for the latter two because of their structural complexity. This review provides an overview of the strategies for designing long-acting small molecule drugs, monoclonal antibodies, and nucleic acid drugs.",drug design; long-acting drugs; monoclonal antibodies; nucleic acid drugs; small molecule drugs,,Journal Article; Review,2025-Jan-20,10.12122/j.issn.1673-4254.2025.01.24,https://doi.org/10.12122/j.issn.1673-4254.2025.01.24; https://www.ncbi.nlm.nih.gov/pmc/articles/PMC11744288,39819729
[Artificial intelligence empowering sports medicine].,"The rapid advancement of artificial intelligence (AI) technologies, particularly deep learning algorithms and hardware devices, has profoundly transformed diagnostic and therapeutic paradigms in sports medicine. This article reviews the applications and recent progress of AI across multiple domains in the field, including the use of deep learning and machine learning models for injury risk prediction and early screening; the application of computer vision techniques in imaging diagnosis; the integration of intelligent algorithms into surgical planning and intraoperative assistance; the dynamic monitoring of rehabilitation processes; and the deployment of large language models to support patient education and consultation. The deep integration of sports medicine and AI requires interdisciplinary collaboration across clinical medicine, sports science, materials science, and computer science. This article highlights the current applications, discusses existing challenges and potential risks, and provides an outlook on future development trends.",,,Journal Article; Review; English Abstract,2026-Jan-06,10.3760/cma.j.cn112137-20250725-01852,https://doi.org/10.3760/cma.j.cn112137-20250725-01852,41483925
[Guidelines for diagnosis and treatment of advanced breast cancer in China (2024 edition)].,"Breast cancer is the most common malignant tumor among women all over the world. In 2022, there were about 357,161 new cases and 74,986 deaths of breast cancer in Chinese female. Of the new cases of breast cancer each year, about 5% to 10% of patients have distant metastasis at the time of diagnosis. Of the early-stage patients, about 20%~30% developed into advanced breast cancer eventually. Although advanced breast cancer is difficult to cure at present, we can alleviate the clinical symptoms of patients, improve their quality of life and further prolong their survival time by applying new therapeutic drugs and optimizing treatment models, to achieve the purpose of long-term survival with tumor. To better guide clinical practice, the Chinese expert group, based on the latest research progress in breast cancer, has analyzed, discussed, and updated the relevant research data on the basis of ""Guidelines for clinical diagnosis and treatment of advanced breast cancer in China (2022 edition)"" to form the ""Guidelines for clinical diagnosis and treatment of advanced breast cancer in China (2024 edition)"" . The updated guideline incorporates the new evidence of high-quality evidence-based medicine, new concepts in molecular pathological detection, new treatment strategies, new progress in precision medicine, and adverse events of new therapeutic drugs. At the same time, the updated guideline emphasizes multidisciplinary collaboration and pays attention to patient-reported outcomes. The ""Guidelines for clinical diagnosis and treatment of advanced breast cancer in China (2024 edition)"" aims to provide clinicians with recommendations for the diagnosis and treatment of advanced breast cancer in China, thereby improving patient outcomes and quality of life.",,,English Abstract; Journal Article,2024-Dec-23,10.3760/cma.j.cn112152-20241009-00435,https://doi.org/10.3760/cma.j.cn112152-20241009-00435,39632259
Research progress in mRNA drug modification and delivery systems.,"Messenger RNA (mRNA) has shown tremendous potential in disease prevention and therapy. The clinical application requires mRNA with enhanced stability and high translation efficiency, ensuring it not to be degraded by nucleases and targeting to specific tissues and cells. mRNA immunogenicity can be reduced by nucleotide modification, and translation efficiency can be enhanced by codon optimization. The 5´ capping structure and 3´ poly A increase mRNA stability, and the addition of 5' and 3' non-translational regions regulate mRNA translation initiation and protein production. Nanoparticle delivery system protects mRNA from degradation by ubiquitous nucleases, enhances mRNA concentration in circulation and assists it cytoplasmic entrance for the purpose of treatment and prevention. Here, we review the recent advances of mRNA technology, discuss the methods and principles to enhance mRNA stability and translation efficiency; summarize the requirements involved in designing mRNA delivery systems with the potential for industrial translation and biomedical application. Furthermore, we provide insights into future directions of mRNA therapeutics to meet the needs for personalized precision medicine.",Chemical modification; Drug delivery system; Messenger RNA; Nanodrug delivery system; Nucleic acid; RNA targeting; Review,,Review; Journal Article,2023-Aug-25,10.3724/zdxbyxb-2023-0101,https://doi.org/10.3724/zdxbyxb-2023-0101; https://www.ncbi.nlm.nih.gov/pmc/articles/PMC10495253,37643978
[Annual review of interventional pulmonology 2024].,"As an indispensable diagnostic and therapeutic pillar of respiratory medicine, interventional pulmonology has made transformative progress through technological convergence and precision innovation. Milestones in 2024 include robotic bronchoscopy systems, airway ablation techniques that redefine the management of peripheral lung cancer, and bronchoscopy-regenerative medicine synergy. Together, these advances are driving the field towards personalized intervention paradigms, enhancing both early disease detection and advanced therapeutic delivery in pulmonary medicine.",,,Journal Article; Review; English Abstract,2025-Jun-12,10.3760/cma.j.cn112147-20250218-00089,https://doi.org/10.3760/cma.j.cn112147-20250218-00089,40491150
[Cell-loaded hydrogel microspheres based on droplet microfluidics: a review].,"Droplet microfluidics technology offers refined control over the flows of multiple fluids in micro/nano-scale, enabling fabrication of micro/nano-droplets with precisely adjustable structures and compositions in a high-throughput manner. With the combination of proper hydrogel materials and preparation methods, single or multiple cells can be efficiently encapsulated into hydrogels to produce cell-loaded hydrogel microspheres. The cell-loaded hydrogel microspheres can provide a three-dimensional, relatively independent and controllable microenvironment for cell proliferation and differentiation, which is of great value for three-dimensional cell culture, tissue engineering and regenerative medicine, stem cell research, single cell study and many other biological science fields. In this review, the preparation methods of cell-loaded hydrogel microspheres based on droplet microfluidics and its applications in biomedical field are summarized and future prospects are proposed.",cell-loaded hydrogel microspheres; droplet microfluidics; single-cell analysis; three-dimensional cell culture; tumor vaccine,,Review; English Abstract; Journal Article,2023-Jan-25,10.13345/j.cjb.220341,https://doi.org/10.13345/j.cjb.220341,36738202
[Expert consensus on clinical application of Xiangshao Granules].,"Xiangshao Granules are widely used in clinical practice for the treatment of premenstrual tension syndrome and menopausal syndrome. However, at present, there is no evidence-based medicine guideline or consensus formed. In order to standardize the rational use of drugs by clinical physicians and maximize the value of Xiangshao Granules, this consensus is formulated. The consensus is guided by clinical problems and follows the principle of &quot;evidence-based medicine as the mainstay, consensus as the supplement&quot;, objectively evaluating the evidence of Xiangshao Granules in diagnosing and treating diseases, and forming it after full discussion by experts. The consensus was jointly completed by multidisciplinary experts from 29 national tertiary Grade A hospitals and 3 provincial traditional Chinese medicine(TCM) hospitals and universities, including 16 TCM experts, 13 western medicine experts, 2 integrated TCM and western medicine experts, 1 chief pharmacist of TCM, and 2 evidence-based medicine experts. The project was proposed in August 2021 by the China Association of Chinese Medicine(202108050-GS-CACM), and the preparation process lasted for 2 years and was issued on 29 November 2023(GS/CACM 334-2023). This article elaborated on the background of the consensus, explained the preparation process including project initiation, consensus issue construction, formation of recommendations and consensus suggestions, drafting, formation of expert consensus, and solicitation of opinions, clarifying key issues such as the indications, dosage regimen and timing, dosage, course of treatment, safety, and precautions of Xiangshao Granules in clinical application, in order to guide clinicians in standardized and rational drug use.",Xiangshao Granules; consensus recommendations; editorial explanation; menopausal syndrome; premenstrual tension syndrome; recommendations,,English Abstract; Journal Article; Consensus Statement,2024-Sep,10.19540/j.cnki.cjcmm.20240428.501,https://doi.org/10.19540/j.cnki.cjcmm.20240428.501,39701692
[Guidelines for medical nutritional therapy in adult sepsis patients (2025 edition)].,"Although medical nutritional therapy affects the prognosis of sepsis patients, there is controversy over its clinical implementation process. To further standardize the medical nutrition therapy of sepsis patients, the Chinese Society of Parenteral and Enteral Nutrition (CSPEN) organized more than 50 experts from critical care medicine, clinical nutrition, evidence based medicine and statistics to formulate the guidelines. The guideline was based on grading of recommendations, development and evaluations (GRADE) standards and procedures, through systematic retrieval and evidence sorting, and combined with the practical experience of clinical experts. The guidelines provide recommendations on nutritional risk screening in medical nutrition therapy for sepsis patients, early medical nutrition therapy (enteral nutrition, parenteral nutrition, energy intake, optimal target for protein delivery), enteral nutrition infusion mode, traditional Chinese medicine and protecting intestinal function, nutritional supplements (vitamin, glutamine, omega-3 fatty acids, selenium), probiotics, and the use of proton pump inhibitors. Ultimately, 14 questions and 14 recommendations were formed in order to improve the medical nutrition therapy process for sepsis patients.",,,English Abstract; Journal Article,2025-Feb-18,10.3760/cma.j.cn112137-20240813-01859,https://doi.org/10.3760/cma.j.cn112137-20240813-01859,39956626
[Future-Oriented High-Quality Development of Integrated Traditional Chinese and Western Medicine].,"Integrated traditional Chinese and Western medicine refers to a clinical diagnosis and treatment model that incorporates the essence of traditional Chinese medicine in regard to treatment decisions based on syndrome differentiation and a reliance on modern western medicine as the basis of diagnosis and treatment. It is an organic combination of the two, with each bringing its own strengths into full play and complementing those of the other. After the founding of the People's Republic of China, the development of the integrated traditional Chinese and Western medicine has been increasingly valued. The unique advantages of the integration of traditional Chinese and Western medicine have been continuously utilized, resulting in fruitful achievements in theoretical inheritance and innovation and in the prevention and treatment of major diseases. Furthermore, integrated traditional Chinese and Western medicine has become a unique system of medicine of China. This article provides a review and elaboration of the entire process of the integration of traditional Chinese and Western medicine, including its significance, status of development, and achievements. It is suggested that, in the field of integrated traditional Chinese and Western medicine, efforts should made to delve into classic theories, identify the right entry points for integration, reconstruct and improve the theoretical system of integrated traditional Chinese and Western medicine by combining the cutting-edge achievements of modern medicine, and focus on enhancing clinical efficacy.",Development of academic disciplines; Integrated traditional Chinese and western medicine; Review; Theory,,Journal Article; Review; English Abstract,2025-Jan-20,10.12182/20250160401,https://doi.org/10.12182/20250160401; https://www.ncbi.nlm.nih.gov/pmc/articles/PMC11914025,40109472
[Chronic cough and otorhinolaryngology in children].,"<b></b>Chronic cough in children is an increasingly important public health issue. It typically involves diseases related to the upper respiratory tract, lower respiratory tract, and reflux. Due to its often multifactorial nature, the diagnosis and treatment of chronic cough present significant challenges, necessitating multidisciplinary collaboration among otolaryngology, pulmonology, and gastroenterology. This article aims to review the unique role of otolaryngology in the diagnosis and treatment of conditions associated with chronic cough in children.",chronic cough; diagnosis and treatment; pediatric,,Journal Article; Review; English Abstract,2025-Jun,10.13201/j.issn.2096-7993.2025.06.001,https://doi.org/10.13201/j.issn.2096-7993.2025.06.001; https://www.ncbi.nlm.nih.gov/pmc/articles/PMC12527663,40443370
[Focus on and response to climate-sensitive diseases].,"With the current climate change characterized by global warming becoming more severe, the increasing frequency of extreme weather events such as heatwaves, cold waves, sandstorms, floods, and droughts caused by climate change has posed serious threats to human health. Climate change is not only a major public health challenge in China, but also a focus problem in global. This article focuses on climate-sensitive diseases and summarizes and reviews the latest scientific facts and progress on how climate change impacts infectious diseases and chronic non-communicable diseases. It further proposes measures and strategies for addressing climate-sensitive diseases with public health in center, providing ideas and suggestions for scientifically addressing climate-sensitive diseases in the future.",,,English Abstract; Journal Article,2024-Dec-06,10.3760/cma.j.cn112150-20240910-00723,https://doi.org/10.3760/cma.j.cn112150-20240910-00723,39397247
Advancements in molecular imaging probes for precision diagnosis and treatment of prostate cancer.,"Prostate cancer is the second most common cancer in men, accounting for 14.1% of new cancer cases in 2020. The aggressiveness of prostate cancer is highly variable, depending on its grade and stage at the time of diagnosis. Despite recent advances in prostate cancer treatment, some patients still experience recurrence or even progression after undergoing radical treatment. Accurate initial staging and monitoring for recurrence determine patient management, which in turn affect patient prognosis and survival. Classical imaging has limitations in the diagnosis and treatment of prostate cancer, but the use of novel molecular probes has improved the detection rate, specificity, and accuracy of prostate cancer detection. Molecular probe-based imaging modalities allow the visualization and quantitative measurement of biological processes at the molecular and cellular levels in living systems. An increased understanding of tumor biology of prostate cancer and the discovery of new tumor biomarkers have allowed the exploration of additional molecular probe targets. The development of novel ligands and advances in nano-based delivery technologies have accelerated the research and development of molecular probes. Here, we summarize the use of molecular probes in positron emission tomography (PET), single-photon emission computed tomography (SPECT), magnetic resonance imaging (MRI), optical imaging, and ultrasound imaging, and provide a brief overview of important target molecules in prostate cancer.",Molecular imaging; Nanoparticle; Nuclear medicine; Prostate cancer; Prostate-specific membrane antigen (PSMA),,Journal Article; Review,2025-Jan-15,10.1631/jzus.B2300614,https://doi.org/10.1631/jzus.B2300614; https://www.ncbi.nlm.nih.gov/pmc/articles/PMC11867783,40015933
[Growing global public health challenges].,"Global public health is currently undergoing unprecedented and complex changes. The COVID-19 pandemic has exposed vulnerabilities and weaknesses of the global health system, urging nations globally to prioritize pandemic prevention and response strategies. Simultaneously, emerging infectious diseases such as mpox and avian influenza, as well as re-emerging infectious diseases including tuberculosis, AIDS, and viral hepatitis, continue to pose threats to global public health security. Moreover, the prevalence of chronic diseases remains significant, while concerns pertaining to environmental health and the well-being of children and adolescents are growing increasingly prominent. Addressing these challenges requires the formulation of effective public health policies, strengthened international cooperation, enhanced health education, improved public health literacy, and the establishment of a more resilient global public health system.",,,English Abstract; Journal Article,2025-Jan-10,10.3760/cma.j.cn112338-20241230-00839,https://doi.org/10.3760/cma.j.cn112338-20241230-00839,39828540
[Applications and perspectives of artificial intelligence in periodontology].,"Artificial intelligence (AI) is rapidly advancing in periodontology, bringing new opportunities to clinical diagnosis, risk assessment, personalized treatment planning, and remote patient care. Leveraging core technologies such as deep learning, machine learning, and natural language processing, AI significantly enhances the sensitivity of early periodontal disease detection and provides precise quantification of alveolar bone loss and soft tissue damage. AI facilitates multimodal data integration by synthesizing medical history, lifestyle factors, and imaging data, thereby offering enhanced accurate risk prediction and personalized therapeutic recommendations. By integrating remote monitoring with tailored health counseling, AI helps patients maintain adherence to self-care protocols, significantly improving their oral health-related quality of life and treatment satisfaction. Moreover, AI demonstrates considerable potential in periodontal research and education, particularly in large-scale data mining, virtual clinical case simulations, and natural language processing-assisted literature management. Nevertheless, challenges remain concerning model generalizability, data quality, ethical concerns, and interpretability. The advancement of multi-center big-data platforms is expected to foster a profound integration of AI and periodontology, propelling precision medicine and digital healthcare, enabling holistic management from prevention to long-term care, and enhancing diagnostic efficiency and patient health outcomes.",artificial intelligence; deep learning; machine learning; neural network; periodontitis,,Journal Article; Review; English Abstract,2025-Oct-01,10.7518/hxkq.2025.2025103,https://doi.org/10.7518/hxkq.2025.2025103; https://www.ncbi.nlm.nih.gov/pmc/articles/PMC12573713,41159323
[Progress in application of machine learning in epidemiology].,"Population based health data collection and analysis are important in epidemiological research. In recent years, with the rapid development of big data, Internet and cloud computing, artificial intelligence has gradually attracted attention of epidemiological researchers. More and more researchers are trying to use artificial intelligence algorithms for genome sequencing and medical image data mining, and for disease diagnosis, risk prediction and others. In recent years, machine learning, a branch of artificial intelligence, has been widely used in epidemiological research. This paper summarizes the key fields and progress in the application of machine learning in epidemiology, reviews the development history of machine learning, analyzes the classic cases and current challenges in its application in epidemiological research, and introduces the current application scenarios and future development trends of machine learning and artificial intelligence algorithms for the better exploration of the epidemiological research value of massive medical health data in China.",,,Journal Article; Review; English Abstract,2024-Sep-10,10.3760/cma.j.cn112338-20240322-00148,https://doi.org/10.3760/cma.j.cn112338-20240322-00148,39307708
[Frontiers in biomedical research].,"With continuous breakthroughs in basic research and technological innovation in the field of biomedicine, we have a much deeper understanding of the nature of life and disease pathogenesis. New medical technologies, medicines and medical instruments are emerging, which greatly promote diagnosis, treatment, prevention and healthy lifestyle. Focusing on international engagement together with the development needs of individual businesses is a major task for China's biomedical community in order to achieve high-quality outcomes. This paper emphasizes the need to further strengthen the cross-integration and development of medical science in China, realize the paradigm change of medical research, and promote the development and application of revolutionary medical technologies, diagnostics, drugs and medical devices. Eighteen frontier hot spots and common issues are highlighted for the field of biomedicine.",,,English Abstract; Journal Article,2024-Jan-02,10.3760/cma.j.cn112137-20231221-01444,https://doi.org/10.3760/cma.j.cn112137-20231221-01444,38155093
[Comparison analyses of global burden of colorectal cancer].,"<b>Objective:</b> To analyze the incidence, mortality, survival patterns, and distribution characteristics of modifiable risk factors for colorectal cancer in selected global regions. <b>Methods:</b> Secondary analysis was conducted using data from the GLOBOCAN database and previous literature. We described the number of cases and age-standardized rates (ASRs) of incidence and mortality for colorectal cancer in China, the United States, the United Kingdom, and globally in 2022 and 2020, with gender-stratified analysis. ASRs were calculated using Segi's world standard population. Temporal trends in 5-year net survival rates were compared across three periods (2000-2004, 2005-2009, 2010-2014) among countries. Regional distribution differences in colorectal cancer deaths attributable to modifiable risk factors by gender were assessed in China. <b>Results:</b> In 2022, global colorectal cancer incidence and mortality were estimated at 1.926 million new cases and 904 000 deaths. China accounted for 27% of both global incidence (517 000 cases) and mortality (240 000 deaths). China's age-standardized incidence rate (20.1 per 100 000) was lower than those of the United States (27.0 per 100 000) and the UK (30.9 per 100 000). However, China's mortality rate (8.6 per 100 000) exceeded that of the US (7.9 per 100 000) but was lower than the UK (11.8 per 100 000). Compared to 2020, China demonstrated significant mortality reductions in 2022: males declined from 14.8 to 10.9 per 100 000, females from 9.4 to 6.5 per 100 000. Five-year net survival rates in China improved across periods for colon cancer (51.4%, 55.6%, 57.6%) and rectal cancer (49.5%, 52.5%, 56.9%), yet remained consistently lower than US and UK rates. Modifiable risk factors contributed to 45.1% of male and 41.4% of female colorectal cancer deaths in China, with marked regional disparities. <b>Conclusions:</b> China exhibits higher colorectal cancer incidence and mortality than global averages, with survival gaps persisting compared to developed nations. Regionally tailored comprehensive prevention strategies are essential to reduce disease burden through risk factor modification and optimized clinical management.",,,Journal Article; Comparative Study; English Abstract,2025-Apr-23,10.3760/cma.j.cn112152-20240308-00102,https://doi.org/10.3760/cma.j.cn112152-20240308-00102,40268547
[Frontiers and challenges in public health].,"The field of global public health is undergoing multiple complex challenges, including emerging and re-emerging infectious diseases, increasing burden of chronic diseases, climate change, and demographic transitions. This article systematically reviews the latest developments and challenges in key public health areas. In infectious disease prevention and control, the ""One Health"" approach has become the core framework for addressing zoonotic diseases, while intelligent multi-point trigger and multi-pathogen surveillance and early warning systems continue to enhance early response capabilities. The paradigm of chronic disease prevention and control is gradually shifting toward precision, with large-scale population cohorts and systems epidemiology providing scientific evidence for transitioning from population-based prevention to individualized intervention. Environmental health research is becoming more refined and in-depth, evolving from macro-level exposure associations to analyses of toxicity mechanisms and specific health effects. Meanwhile, China's new demographic normal-characterized by deep aging and low fertility-coupled with rapid advancements in innovative biologics and digital technologies, is reshaping public health intervention models and service demands. Looking ahead, building a more resilient, equitable, and intelligent global health governance system requires strengthened interdisciplinary collaboration, innovative financing mechanisms, optimized collaborative governance, and the efficient translation of scientific research into policy practice.",,,English Abstract; Journal Article; Systematic Review,2026-Jan-10,10.3760/cma.j.cn112338-20260104-00003,https://doi.org/10.3760/cma.j.cn112338-20260104-00003,41566260
[Epidemiological characteristics of gastric cancer in China and worldwide].,"<b>Objective:</b> To analyze the epidemiological patterns and temporal trends of gastric cancer incidence and mortality in China and globally, and to formulate evidence-based prevention strategies. <b>Methods:</b> Based on the GLOBOCAN 2022 database, we evaluated gastric cancer incidence and mortality patterns stratified by sex, age group, geographic region and human development index (HDI). Simple linear regression and Spearman's correlation analysis assessed associations between HDI and age-standardized incidence rate (ASIR) or age-standardized mortality rates (ASMR). Temporal trends from 2002 to 2020 were described in selected regions, and projections of global gastric cancer burden by 2050 were estimated. <b>Results:</b> In 2022, there were estimated 969 000 new gastric cases and 660 000 deaths worldwide. The burden was higher in men than in women, with incidence peaking at ages 65-69 and mortality at 70-74. ASIR was weakly correlated with HDI (<i>r</i>=0.261, <i>P</i>＜0.001), while no significant association was found between HDI and ASMR (<i>r</i>=-0.005, <i>P</i>=0.947). China accounted for 359 000 new cases and 260 000 deaths, representing 37.0% and 39.4% of the global totals, respectively. Both ASIR (13.7/10<sup>5</sup>) and ASMR (9.4/10<sup>5</sup>) in China exceeded the global averages (9.2/10<sup>5</sup> and 6.1/10<sup>5</sup>, respectively). Although the overall global burden is decreasing, absolute case numbers are projected to increase by 84.1% (1.78 million cases) and deaths by 91.2% (1.26 million cases) by 2050. High-HDI regions will bear greater absolute burdens, whereas low-HDI regions face steeper relative increases. In China, new cases and deaths are projected to reach 607 000 and 504 000 by 2050, rising by 69.1% and 93.8%, respectively. <b>Conclusions:</b> Despite a declining global trend, the burden of gastric cancer remains substantial, with notable disparities across regions, sex and age groups. Targeted strategies are urgently needed, particularly in East Asia, among males, and older populations, to mitigate the future burden.",,,English Abstract; Journal Article,2025-Jun-23,10.3760/cma.j.cn112152-20240831-00376,https://doi.org/10.3760/cma.j.cn112152-20240831-00376,40534261
[Third-generation biomedical materials and regenerative medicine].,"To summarize the developmental process of biomedical materials and regenerative medicine. After reviewing and analyzing the literature concerned, we put forward the developmental direction of biomedical materials and regenerative medicine in the future. Biomedical materials developed from the first- and second-generations to the third-generation in the 1990s. Regenerative medicine was able to help the injured tissues and organs to be regenerated by the use of the capability of healing themselves. This kind of medicine included the technologies of the stem cells and the cloning, the tissue engineering, the substitute tissues and organs, xenotransplantation and so on. The third-generation biomaterials possess the following two properties: degradation and bioactivity; and they can help the body heal itself once implanted. Regenerative medicine is a rapidly advancing field that opens a new and exciting opportunity for completely revolutionary therapeutic modalities and technologies.",,,"English Abstract; Journal Article; Research Support, Non-U.S. Gov't; Review",2006-Feb,,,16529332
[Interpretation of national clinical practice guideline on obesity management (2024 edition)].,"Entrusted by the National Health Commission, the national clinical practice guideline on obesity management aims to standardize the clinical diagnosis and treatment of obesity and prescribe scientific and effective treatment plans to patients, in order to continuously improve the homogenization across healthcare organizations, enhance the effectiveness of obesity treatment and improve long-term health benefits. This guideline is applicable to professionals engaging in the clinical practice on obesity, including clinical physicians, nutritionists, fitness and rehabilitation therapists, nurses, case managers, medical administrators, public health practitioners, as well as medical social workers. The purpose is to guide the clinical diagnosis, interventional treatment, health education, and construction of multi-disciplinary models of obesity management. This article aims to interpret the guidelines on key aspects such as the etiology of obesity, epidemiology, diagnostic assessment, classification and staging, risks of obesity related diseases and benefits of weight loss, principles of treatment, multidisciplinary treatment pathways, multidisciplinary treatment methods, and multidisciplinary collaborative treatment models.",,,English Abstract; Journal Article,2025-May-13,10.3760/cma.j.cn112137-20250221-00414,https://doi.org/10.3760/cma.j.cn112137-20250221-00414,40340216
[Guideline for diagnosis and treatment of sarcopenia in China (2024 edition)].,"Sarcopenia, an aging-related geriatric syndrome, is characterized by decreased muscle mass, declined muscle strength, and/or physical dysfunction. It is associated with significantly increased risks of falls, frailty, disability, and even death, placing a heavy burden on individuals and society. Standardized diagnosis and treatment of sarcopenia are of paramount importance for clinical practice and the development of healthy aging in China. However, to date, there is a lack of evidence-based clinical practice guideline for the diagnosis and treatment therapy of sarcopenia in China. Therefore, the National Clinical Research Center for Geriatric Diseases (Xiangya Hospital) has initiated the development of this guideline for sarcopenia, with the approval of Geriatrics Branch of the Chinese Medical Association. Development of this guideline adhered to the Guiding principles for development/revision of clinical practice guidelines in China (2022 version) and the Reporting Items for Practice Guidelines in Healthcare (RIGHT). The Grading of Recommendations Assessment, Development and Evaluation (GRADE) system was used to assess the strength of evidence. The Delphi technique was used to determine the strength of recommendations. Finally, a total of 18 evidence-based recommendations for the diagnosis and treatment of sarcopenia were formulated in response to 12 most concerned important clinical questions about sarcopenia. This guideline aims to enhance the scientific approach to sarcopenia diagnosis and treatment in China, promote the in-depth development of sarcopenia research, and ultimately improve the quality of patient-centered healthcare services.",,,English Abstract; Journal Article,2025-Jan-21,10.3760/cma.j.cn112137-20240724-01701,https://doi.org/10.3760/cma.j.cn112137-20240724-01701,39828577
[Effects of Cardiac Rehabilitation on Symptoms and Quality of Life in Cardiopulmonary Exercise Test-Positive Patients With Non-Obstructive Coronary Artery Disease From High Altitudes].,"To assess the effect of cardiac rehabilitation on symptoms and quality of life in patients with coronary artery disease (Non-obCAD) living at high altitudes who have positive results for cardiopulmonary exercise testing. A randomized controlled study was conducted. Hospitalized patients with suspected coronary heart disease were enrolled for coronary angiography. Based on the angiography findings, patients with Non-obCAD underwent cardiopulmonary exercise testing, and those with positive results were included in the study. With a random number table, patients with positive results for cardiopulmonary exercise testing were assigned to two groups, an experimental group receiving cardiac rehabilitation (individualized exercise plan) plus standard treatment and a control group receiving standard treatment alone. At enrollment and the 3-months follow-up, Seattle Angina Questionnaire (SAQ) and the 36-item Short-Form Health Survey (SF-36) were used to evaluate the patients. The data of the two groups were analyzed and compared to evaluate the effect of cardiac rehabilitation on the symptoms and quality of life in Non-obCAD patients living at high altitudes who have positive results for cardiopulmonary exercise testing. A total of 100 patients were included in the study, with 50 patients in the experimental group and 50 in the control group. The mean age in the experimental group was (55.0±6.8) years, while that in the control group was (56.6±9.1) years. Notably, at the time of enrollment, no significant differences were found between the two groups across all the SAQ measures. However, after 3 months of follow-up, the experimental group scored higher than the control group did in terms of physical limitation (75.6±5.0 vs. 72.1±5.9), angina stability (69.6±6.4 vs. 62.5±9.6), angina frequency (70.8±9.1 vs. 65.3±9.3), treatment satisfaction (79.5±5.0 vs. 76.3±4.7), and disease perception (84.9±5.2 vs. 80.4±3.8), with statistically significant differences between the two groups (<i>P</i><0.05). At the time of enrollment, the two groups showed no significant differences in any of the SF-36 measures. However, at the 3-month follow-up, the experimental group had better scores than the control group did in physiological functioning (27.4±2.4 vs. 25.8±3.0), role-physical (6.6±1.2 vs. 6.0±0.8), bodily pain (4.7±1.3 vs. 4.1±1.0), general health (20.2±2.2 vs. 19.0±1.8), vitality (15.8±2.1 vs. 14.5±2.1), social functioning (7.2±1.3 vs. 6.4±1.1), role-emotional (5.2±1.1 vs. 4.7±1.2), and mental health (22.9±2.7 vs. 20.8±2.1) (<i>P</i><0.05). Cardiac rehabilitation is conducive to improvements in symptom and quality of life in Non-obCAD patients in high altitude areas with positive results for cardiopulmonary exercise testing. No adverse cardiovascular events occurred during the rehabilitation period, which validates preliminarily the safety and efficacy of cardiac rehabilitation in this patient population.",36-item Short-Form Health Survey; Cardiac rehabilitation; Cardiopulmonary exercise testing; High altitude; Non-obstructive coronary artery disease; Seattle Angina Questionnaire,,Journal Article; Randomized Controlled Trial; English Abstract,2024-Nov-20,10.12182/20241160107,https://doi.org/10.12182/20241160107; https://www.ncbi.nlm.nih.gov/pmc/articles/PMC11839350,39990821
[Progress of alginate-based biomedical materials].,"To review the current situation of alginate-based biomedical materials, especially focus on the clinical strategies and research progress in the clinical applications and point out several key issues that should be concerned about. Based on extensive investigation of domestic and foreign alginate-based biomedical materials research and related patent, literature, and medicine producted, the paper presented the comprehensive analysis of its research and development, application status, and then put forward several new research directions which should be focused on. Alginate-based biomedical materials have been widely used in clinical field with a number of patients, but mainly in the fields of wound dressings and dental impression. Heart failure treatment, embolization, tissue engineering, and stem cells culture are expected to become new directions of research and products development. Development of alginate-based new products has good clinical feasibility and necessity, but a lot of applied basic researches should be carried out in the further investigations.",,,English Abstract; Journal Article; Review,2013-Aug,,,24171362
[Application of Patient-reported Outcomes and Shared Decision-making  in Thoracic Surgery].,"Thoracic surgery encompasses the diagnosis and treatment of various chest diseases such as lung cancer, esophageal cancer, and mediastinal tumors. The treatment plans for these diseases are complex and often involve a combination of surgery, chemotherapy, and radiotherapy, each with different impacts on the patient's quality of life. Patient-reported outcomes (PRO) and shared decision-making (SDM) are becoming increasingly important in this field. PRO allows patients to directly report their health status and the effects of treatment, aiding doctors in adjusting treatment plans. SDM ensures that treatment plans align with the patient's personal values and preferences through information sharing and joint decision-making. The comprehensive application of PRO and SDM can enhance patient satisfaction and treatment outcomes, though it also faces challenges such as data collection and time management. Future research should focus on developing more efficient PRO tools and SDM processes to improve patient-centered healthcare quality. .",Doctor-patient relationship; Patient-reported outcomes; Shared decision-making; Thoracic surgery,,Journal Article; Review; English Abstract,2024-Oct-20,10.3779/j.issn.1009-3419.2024.106.26,https://doi.org/10.3779/j.issn.1009-3419.2024.106.26; https://www.ncbi.nlm.nih.gov/pmc/articles/PMC11629092,39631836
[Current research landscape of oral rare diseases].,"Oral rare diseases are a group of disorders characterized by distinct oral and craniofacial manifestations. These conditions are featured by low prevalence, high genetic and clinical heterogeneity, and great challenges in diagnosis and treatment. They can severely impair the development and physiological functions, posing substantial risks to both physical and mental health. In recent years, rapid advancements in genetics, molecular biology, and regenerative medicine have led to notable progress in the research of oral rare diseases. This review summarizes the current research landscape in this field, focusing on causative genes and mechanisms, diagnostic technologies, therapeutic approaches, clinical research, and digital innovations. It also discusses the existing challenges, aiming to promote further research and clinical translation in the field of oral rare diseases.",,,Journal Article; Review; English Abstract,2025-Sep-09,10.3760/cma.j.cn112144-20250607-00211,https://doi.org/10.3760/cma.j.cn112144-20250607-00211,40903056
[Research progress on biomarkers for proficient mismatch repair/microsatellite stable colorectal cancer in the immunotherapy era].,"Immunotherapy based on immune checkpoint inhibitor (ICI) has shown remarkable efficacy in the treatment of microsatellite instability (MSI)-high CRC. However, the monotherapy of ICI in microsatellite stable (MSS) CRC has not been satisfactory. Some patients with MSS CRC can benefit from various combination immunotherapy regimens. Identifying appropriate biomarkers to select MSS-type CRC patients who will benefit from ICI treatment prior to therapy initiation and dynamically monitoring treatment efficacy during the therapeutic course have become crucial components of precision medicine in clinical practice. This article reviews the current research status of traditional biomarkers such as tumor mutation burden (TMB) and PD-L1 expression. It also explores the latest research progress and clinical translation potential of emerging biomarkers, including <i>POLE/POLD1</i> mutations, immune score, circulating tumor DNA, and gut microbiome. Furthermore, it addresses the challenges in the clinical application of biomarkers, such as the controversy over TMB cutoff values and the heterogeneity of PD-L1 expression. Finally, it outlines future research directions with the aim of providing a basis for clinical decision-making in immunotherapy and facilitating the realization of precision medicine.",,,Journal Article; Review; English Abstract,2025-Jul-25,10.3760/cma.j.cn441530-20250226-00072,https://doi.org/10.3760/cma.j.cn441530-20250226-00072,40707377
[Comprehensive assessment of bronchial asthma: why it matters?].,"Assessment of bronchial asthma is essential to optimize management and improve patient outcomes. A personalized, precision medicine approach, guided by comprehensive, accurate, and repeated assessments, is necessary to develop an individualized treatment strategy, to improve asthma control, and to achieve the best possible long-term outcomes, addressing the unique needs of each patient based on their asthma phenotype, endotype, severity, and response to treatment. Recent advances in research and technology have significantly diversified the methods of asthma assessment. Assessments include symptom control, risk factors for acute exacerbations and mortality, type 2 airway inflammation, atopic status and triggers, medication adherence, and comorbidities, providing a solid foundation for accurate disease management. Moreover, the promotion of improving the capability of prevention, diagnosis and treatment of asthma project, affiliated to pulmonary and critical care medicine training program, have provided strong support for enhancing the capability of asthma assessment. In the future, with the ongoing innovation and refinement of assessment techniques, we believe that optimizing comprehensive asthma assessment will definitely improve the rate of good control, even the rate of clinical remission, and ultimately reduce the overall burden of disease.",,,Journal Article; Review; English Abstract,2025-Mar-12,10.3760/cma.j.cn112147-20241214-00739,https://doi.org/10.3760/cma.j.cn112147-20241214-00739,40050072
[Research progress on artemisinin and its derivatives in treatment of orthopedics-related diseases].,"As research into the mechanisms of orthopedic diseases continues to deepen, the shortcomings of traditional single-target the-rapies are becoming increasingly apparent. Consequently, the search for multi-target drugs has become the mainstream research direction for orthopedics-related diseases. Artemisinin, a sesquiterpene lactone compound extracted from Artemisia annua, has led to the gradual synthesis of various derivatives such as dihydroartemisinin, artesunate, artemether, and arteether. Recent pharmacological studies have found that artemisinin and its derivatives can treat osteoporosis, osteoarthritis, rheumatoid arthritis, osteosarcoma, and other orthopedic diseases by regulating osteoblast-osteoclast coupling, modulating immune response, inhibiting angiogenesis, protecting cartilage, and inhibiting tumor growth. This paper reviewed the metabolic characteristics and mechanisms of action of artemisinin and its derivatives in the treatment of orthopedic diseases, aiming to inspire modern research on artemisinin-based drugs and orthopedic diseases.",artemisinin; artesunate; arthritis; dihydroartemisinin; osteoporosis; osteosarcoma,,Journal Article; Review; English Abstract,2024-Sep,10.19540/j.cnki.cjcmm.20240617.601,https://doi.org/10.19540/j.cnki.cjcmm.20240617.601,39701666
[Applications and prospects of electroencephalography technology in neurorehabilitation assessment and treatment].,"With the high incidence of neurological diseases such as stroke and mental illness, rehabilitation treatments for neurological disorders have received widespread attention. Electroencephalography (EEG) technology, despite its excellent temporal resolution, has historically been limited in application due to its insufficient spatial resolution, and is mainly confined to preoperative assessment, intraoperative monitoring, and epilepsy detection. However, traditional constraints of EEG technology are being overcome with the popularization of EEG technology with high-density over 64-lead, the application of innovative analysis techniques and the integration of multimodal techniques, which are significantly broadening its applications in clinical settings. These advancements have not only reinforced the irreplaceable role of EEG technology in neurorehabilitation assessment, but also expanded its therapeutic potential through its combined use with technologies such as transcranial magnetic stimulation, transcranial electrical stimulation and brain-computer interfaces. This article reviewed the applications, advancements, and future prospects of EEG technology in neurorehabilitation assessment and treatment. Advancements in technology and interdisciplinary collaboration are expected to drive new applications and innovations in EEG technology within the neurorehabilitation field, providing patients with more precise and personalized rehabilitation strategies.",Assessment; Electroencephalography; Multimodal Integration; Neurorehabilitation; Treatment,,Journal Article; Review; English Abstract,2024-Dec-25,10.7507/1001-5515.202404046,https://doi.org/10.7507/1001-5515.202404046; https://www.ncbi.nlm.nih.gov/pmc/articles/PMC11955371,40000219
[Content and development of pharyngology and laryngology].,"<b></b>Pharyngology and laryngology is an important subspecialty of Otolaryngology Head and Neck Surgery. It involves congenital diseases, trauma and foreign bodies, inflammatory diseases, obstructive sleep apnea, benign lesions, laryngeal nerve and cricoarytenoid joint diseases, swallowing disorders, laryngopharyngeal reflux diseases, voice medicine, as well as laryngeal microsurgery and endoscopic surgical treatment of benign and malignant tumors of this area. The disease spectrum is wide and involves many surgical techniques and methods.",category; pharyngology laryngology,,English Abstract; Journal Article,2024-Nov,10.13201/j.issn.2096-7993.2024.11.002,https://doi.org/10.13201/j.issn.2096-7993.2024.11.002; https://www.ncbi.nlm.nih.gov/pmc/articles/PMC11879710,39534889
Research Progress on Detection of New Psychoactive Substance Piperazines <i>in vivo</i>.,"Piperazines are a class of new psychoactive substances with hallucinogenic effects that affect the central nervous system by affecting the level of monoamine neurotransmitters. Abuse of piperazines will produce stimulating and hallucinogenic effects, accompanied by headache, dizziness, anxiety, insomnia, vomiting, chest pain, tachycardia, hypertension and other adverse reactions, and may even cause cardiovascular diseases and multiple organ failure and lead to death, seriously affecting human physical and mental health and public safety. The abuse of new psychoactive substance piperazines has attracted extensive attention from the international community. The study of its pharmacological toxicology and analytical methods has become a research hotspot in the field of forensic medicine. This paper reviews the <i>in vivo</i> processes, sample treatment and analytical methods of existing piperazines, in order to provide reference for forensic identification.",forensic toxicology; gas chromatography-tandem mass spectrometry; high performance liquid chromatography; in vivo; liquid chromatography-mass spectrometry; new psychoactive substances; piperazines; review,,Journal Article; Review,2024-Jun-25,10.12116/j.issn.1004-5619.2023.330802,https://doi.org/10.12116/j.issn.1004-5619.2023.330802,39166309
[The international cases of vaccinology education and its enlightenment to the discipline development in China].,"Vaccination is an effective public health measure to prevent and control vaccine-preventable diseases for individual and society. However, China currently confronts significant challenges, including a dearth of skilled professionals in the field of vaccination and disparities in the capacity for immunization services. This review introduced the experiences of four prime international vaccinology education models, including London School of Hygiene & Tropical Medicine, Johns Hopkins University, Leading International Vaccinology Education, and the Bill & Melinda Gates Foundation, in the aspect of personnel development, academic research and communication platforms establishment. It is supposed to give some insights and feasible suggestions on the establishment and advancement of vaccinology as a sub-discipline within high-level public health school in China, with the aim of development of a robust vaccinology education framework in China, which is essential for nurturing the next generation of public health leaders and practitioners for our country.",,,Journal Article; English Abstract; Review,2024-Oct-06,10.3760/cma.j.cn112150-20240205-00116,https://doi.org/10.3760/cma.j.cn112150-20240205-00116,39428251
[Exploring the advantages of traditional Chinese medicine and dual-anti therapy for liver cirrhosis].,"Liver cirrhosis is the terminal stage of chronic liver disease. Minimizing complications of liver cirrhosis and the occurrence of liver cancer has become an important goal for liver cirrhosis treatment. The primary etiology leading to liver cirrhosis is chronic hepatitis B infection. ""Dual-anti therapy"" refers to the combination of anti-viral and anti-fibrosis treatment, which is the characteristic and advantage of the integration of Chinese and Western medicine. The article elaborates on the concept and strategies of ""dual antibody therapy"" based on evidence-based medicine and introduces the research progress in terms of representative anti-fibrotic Chinese patent medicines for reversing liver cirrhosis, reducing the occurrence of hepatocellular carcinoma, and loweri ng portal hypertension and its complications and others, revealing that dual antibody therapy can clinically facilitate dual reduction"" (reducing both liver cancer and complications of cirrhosis). Additionally, it analyzes and summarizes the mechanism of action of anti-fibrotic Chinese patent medicines and prospects of a new model of liver cirrhosis treatment combining Chinese and Western medicine, thereby providing novel ideas for the prevention and treatment of clinical liver diseases.",,,English Abstract; Journal Article,2025-Aug-20,10.3760/cma.j.cn501113-20250401-00115,https://doi.org/10.3760/cma.j.cn501113-20250401-00115; https://www.ncbi.nlm.nih.gov/pmc/articles/PMC12861791,40873070
[Analysis of burden in children under 10 years old of dietary iron deficiency among some countries in the world from 1990 to 2019].,"Based on the Global Burden of Disease (GBD) 2019, this study characterized the burden of dietary iron deficiency across 154 countries participating in the Belt and Road Initiative (BRI). A joinpoint regression model was employed to assess temporal trends in disease burden. Pearson correlation analysis and locally weighted regression were utilized to investigate the relationship between burden and the socio-demographic index (SDI). Slope indices and concentration indices were calculated to evaluate health inequalities, while frontier analysis explored disease burden benchmarks. Key metrics included prevalence and disability-adjusted life years (DALYs). Results revealed downward trends in age-standardized prevalence rates and age-standardized DALYs rates of dietary iron deficiency among children under 10 years old in 117 and 125 BRI countries, respectively, from 1990 to 2019. A significant negative correlation was observed between disease burden and SDI in 2019 (<i>R</i>=-0.80, <i>P</i><0.001). The slope indices decreased from -936 (95%<i>CI</i>:-1 006, -806) in 1990 to -1 128 (95%<i>CI</i>:-1 256, -999) in 2019, while the concentration indices declined from -0.24 (95%<i>CI</i>:-0.28, -0.20) to -0.35 (95%<i>CI</i>:-0.39, -0.30) during the same period. Frontier analysis further identified substantial gaps between observed outcomes and optimal performance thresholds in several countries.",,,English Abstract; Journal Article,2025-Apr-06,10.3760/cma.j.cn112150-20240514-00387,https://doi.org/10.3760/cma.j.cn112150-20240514-00387,40176668
[A historical review and future outlook of neurosurgery in China].,"Since its inception in the early 20th century at Peking Union Medical College Hospital, neurosurgery in China has gone through a century-long process from its initial establishment, development to modernization, forming a complete system, covering vascular diseases, tumors, epilepsy, and other diseases. This article reviews the key pioneers and historical milestones in Chinese neurosurgery, highlights the founding and advancement of the Society of Neurosurgery of Chinese Medical Association, and shows major achievements in standardization, training, and international cooperation, etc. At present, with the application of technologies such as artificial intelligence and brain-computer interfaces, network-based neurosurgery has emerged and developed rapidly, marking the transition to Neurosurgery 4.0. In the future, Chinese neurosurgery is poised to further promote interdisciplinary integration and clinical translation in support of the high-quality development of brain science.",,,Journal Article; Historical Article; Review; English Abstract,2025-Jun-03,10.3760/cma.j.cn112137-20250325-00727,https://doi.org/10.3760/cma.j.cn112137-20250325-00727,40484831
Progress and Application Prospects of Forensic Molecular Imaging Technology in Living Individual Examination.,"To propose the definition of forensic molecular imaging (FMI) and to utilize molecular imaging techniques to seek effective solutions to important issues in the field of forensic medicine, such as forensic psychiatry, drug-related damages, internet gaming addiction, and stress-induced injuries. FMI is an emerging interdisciplinary field. It is in its infancy in China and faces certain problems and challenges, such as a shortage of skilled professionals and a lack of standardization. Therefore, it is crucial for China to enhance the cultivation of talents, fundamental research, and practical applications in FMI. FMI will play its supporting role in public security, public health, judicial trials, civil mediation and other aspects, to safeguard judicial justice and social stability, and promote the construction of a peaceful and rule-of-law society in China.",forensic medicine; forensic molecular imaging; molecular imaging; review,,Journal Article; Review,2024-Oct-25,10.12116/j.issn.1004-5619.2024.240304,https://doi.org/10.12116/j.issn.1004-5619.2024.240304,39992340
[Liver cancer immunotherapy in the context of precision medicine].,"Hepatocellular carcinoma (HCC) is one of the most common malignant tumors in China. Currently, hepatectomy, radiofrequency ablation, interventional therapy, and so on are widely used in the treatment of liver cancer; however the 5-year survival rate of patients is still very poor. The onset of liver cancer is insidious, and most patients do not have the opportunity to undergo surgery when they are initially diagnosed. In addition, patients with advanced liver cancer lack effective treatment, which is mainly due to chronic inflammation of the liver. Immunotherapy has great potential advantages in the treatment of liver cancer, so it has attracted more and more researchers' attention. Importantly, with the development of biomedical science into the era of precision medicine, more precise and effective immunotherapy strategies for HCC treatment have been explored, thus bringing new hope to HCC patients. This article reviews the research status and progress of liver cancer immunotherapy in the context of precision medicine.",Hepatocellular carcinoma; Immunity; Precision medicine; Treatment,,Journal Article; Review,2020-Nov-20,10.3760/cma.j.cn501113-20201029-00585,https://doi.org/10.3760/cma.j.cn501113-20201029-00585; https://www.ncbi.nlm.nih.gov/pmc/articles/PMC12769551,33256274
[Neuro-immune interactions in the tumor microenvironment: from mechanisms to precision therapy].,"The nervous system, as the core hub of physiological regulation in the human body, plays a key role in the tumor microenvironment through the neuro-immune-tumor axis. Studies have shown that tumor-infiltrating nerve fibers regulate immune cell functions by releasing neurotransmitters, while immune cells can feedback and modulate neuronal activity, forming a dynamic bidirectional interaction network. The emerging field of cancer neuroimmunology focuses on the complex dialogue mechanisms between the nervous and immune systems in the tumor microenvironment. In-depth analysis of the neuro-immune interaction network not only provides new perspectives for understanding tumor immune escape, but also lays the theoretical foundation for developing novel combination therapies targeting the neuro-immune axis, potentially providing breakthrough strategies to overcome resistance to current immunotherapies.",,,Editorial; English Abstract,2025-Sep-25,10.3760/cma.j.cn441530-20250826-00318,https://doi.org/10.3760/cma.j.cn441530-20250826-00318,40977028
[Comfortable initial periodontal therapy: step by step].,"With the transition of the medical model from the traditional biomedical model to the biopsychosocial one, there is a growing trend and requirement for oral operations that prioritize comfort, pain management, minimally invasive techniques, and visualization. Consequently, demands for comfortable dental treatments among individuals are increasing. However, initial periodontal therapy is often accompanied by pain, and patients' reactions to pain range from nervousness to dental fear, such as irritability, hyperventilation, even nausea, vomiting, and refusal to cooperate, which make the implementation of initial periodontal therapy difficult or even impossible. This article will focus on three key steps: firstly, the preparation of the clinic, the acquisition of patients' trust and the implementation of preventive sedation before treatment; secondly, the use of comfort operation and nursing, psychological intervention measures, local anesthesia, and sedation techniques during treatment; thirdly, the health education and follow-up after treatment. By addressing these aspects, we aim to clarify how to perform comfortable initial periodontal therapy step by step.",,,English Abstract; Journal Article,2024-May-09,10.3760/cma.j.cn112144-20240131-00055,https://doi.org/10.3760/cma.j.cn112144-20240131-00055,38637009
[Chronic airway diseases: a new frontier in interventional pulmonology].,"As medical science has advanced, the incidence of central airway lesions, traditionally the primary focus of interventional pulmonology, has decreased significantly. However, the large population suffering from chronic airway diseases, coupled with unmet treatment needs and a high demand for new technologies and methods, has greatly driven the innovation and application of interventional respiratory techniques. The development and clinical application of techniques such as lung volume reduction, targeted lung denervation, pulsed electric field technology, bronchial thermoplasty, and regenerative medicine for chronic airway diseases are providing new treatment options. Chronic airway diseases are becoming a new frontier in interventional pulmonology.",,,Journal Article; English Abstract; Review,2024-Nov-12,10.3760/cma.j.cn112147-20240531-00301,https://doi.org/10.3760/cma.j.cn112147-20240531-00301,39497382
[Evolution and progress of personalized sedation strategies].,"Sedation and analgesia strategies are integral components of treatment for critically ill patients. They help to reduce discomfort and anxiety, minimize adverse medical events, enable safe and effective interventions, and ultimately improve patient outcomes. In recent years, with advancing research, the concepts and strategies guiding clinical sedation and analgesia have progressively evolved. Significant shifts have occurred, moving from continuous deep sedation to a model prioritizing analgesia and light sedation, and further to recommendations favoring the use of propofol and dexmedetomidine over benzodiazepines. This series of transitions demonstrates progress in clinical practice. This article will review research on sedation protocols for different patient populations, focusing on the evolution of sedation strategies, comparisons of clinical effects among different sedative agents, the relationships between sedation, delirium, and sleep, and the early comfort using analgesia, minimal sedatives and maximal humane care (eCASH) concept. The aim is to provide a scientific basis for the individualized sedation strategies in clinical practice.",,,Journal Article; Review; English Abstract,2025-Dec,10.3760/cma.j.cn121430-20241029-00888,https://doi.org/10.3760/cma.j.cn121430-20241029-00888,41500695
[Progress of scRNA-seq technology in nasopharyngeal carcinoma research].,"<b></b>Nasopharyngeal carcinoma（NPC） is a distinct type of head and neck cancer closely associated with Epstein-Barr virus（EBV） infection and exhibits significant geographic variations in its incidence. Despite recent advancements in radiotherapy techniques and precision medicine for NPC, the overall survival rate remains unsatisfactory due to tumor metastasis, recurrence, and drug resistance. Single-cell RNA sequencing（scRNA-seq） is an emerging technology that allows for the analysis of gene expression at single-cell resolution, providing a clearer understanding of tumor cell subpopulations, the evolutionary trajectory of tumor cells, and the functional roles and interactions of cells within the tumor microenvironment. This provides new ideas for the development of precision medicine in NPC. Here, we review the applications of scRNA-seq in exploring the mechanisms of NPC pathogenesis, tumor heterogeneity, the tumor microenvironment, drug resistance, and therapeutic response.",nasopharyngeal carcinoma; single-cell RNA sequencing; tumor heterogeneity; tumor microenvironment,,Journal Article; Review; English Abstract,2025-Sep,10.13201/j.issn.2096-7993.2025.09.017,https://doi.org/10.13201/j.issn.2096-7993.2025.09.017; https://www.ncbi.nlm.nih.gov/pmc/articles/PMC12764402,40898906
[Recommendations for the Standardization of Forensic Microbiological Analysis].,"With advances in microbiome research and the continuous advancement of detection technologies, the application of microorganisms in forensic medicine has become increasingly widespread, covering areas such as individual identification, body fluid source inference, biogeographical analysis, postmortem interval estimation, and determination of the cause and location of death. However, due to the lack of a comprehensive standardized system, batch effects and inter-laboratory differences have led to low reproducibility of analysis results. This problem is particularly evident in low-quality forensic samples, which compromise the reliability and evidential value of forensic microbiological analyses. Therefore, based on domestic and international research progress and practical experience, this paper systematically summarizes and discusses the standardization of forensic microbiological analysis, aiming to improve the reliability of results and promote the standardization of forensic microbiological analysis.",forensic medicine; forensic microbiology; nucleic acid analysis; reproducibility; standardization,,Journal Article; Review; English Abstract,2025-Oct-25,10.12116/j.issn.1004-5619.2025.550501,https://doi.org/10.12116/j.issn.1004-5619.2025.550501,41601223
"[Infodemiology: past, present and future].","The internet era has brought a dual impact on epidemiological research: on one hand, it has expanded the breadth and depth of public health surveillance, enriching the formulation of strategies for early warning for public health emergencies and infectious disease outbreaks, disease prevention, and health promotion through vast medical information resources. On the other hand, it has triggered the issue of ""infodemic"", wherein the rapid spread of misinformation disrupts public perception, weakens the effectiveness of public health responses, and adds complexity to the management of public health emergencies. This paper focuses on representative research areas of infodemiology, for example, infodemic caused by inforus, and explores its future development trends and potential challenges with the aim to deepen infodemiology research and optimize public health practice.",,,English Abstract; Journal Article,2024-Dec-10,10.3760/cma.j.cn112338-20240818-00508,https://doi.org/10.3760/cma.j.cn112338-20240818-00508,39681430
[Expert consensus on integrated medicine for tumor-related gastric injury and protection in China (2024 edition)].,"Neoplasm is one of the major causes of harm to human health. With the development of integrated medicine, more experts have begun to pay attention to tumor-related damage, among which gastric injury is common and seriously affects the quality of life of patients. The stomach is richly supplied with blood and nerves. Tumor treatment methods such as medication, surgery, and interventional therapy can impair its barrier function. Additionally, the tumor itself can harm the stomach through various mechanisms, primarily manifesting as symptoms like gastritis, erosion, ulceration, bleeding, and perforation. These conditions significantly affect the patient's quality of life and pose a serious threat to life.At present, the mechanisms of gastrointestinal tumors and other systemic tumors causing gastric injury are unclear, and there is a lack of relevant clinical and basic research. The diagnostic criteria and protective measures need to be supplemented and improved. To enhance the understanding of tumor-related gastric injuries and their management among professionals in related fields and to guide clinical practice, this expert consensus has been refined and formulated under the integrated medical concepts and based on the previous guidelines of the Chinese Anti-Cancer Association (CACA). It summarizes various tumor-related gastric injuries and protective treatment strategies, aiming to provide clinicians in oncology with a reference to address and prevent gastric injuries during the treatment of systemic diseases, thereby laying a foundation for further in-depth research in the future.",,,English Abstract; Journal Article; Consensus Statement,2024-Oct-25,10.3760/cma.j.cn441530-20241008-00333,https://doi.org/10.3760/cma.j.cn441530-20241008-00333,39428220
